,name,population,area,latitude,longitude,temperature,density
2,Calgary,1096833.0,825.29,51.054444000000004,-114.06694399999999,12.152328767123288,1329.0273721964402
6,Edmonton,812201.0,684.37,53.5,-113.5,11.098337950138504,1186.7863874804564
18,Abbotsford,133497.0,375.55,49.054611111111,-122.32799999999999,15.782786885245901,355.47064305684995
20,Burnaby,223218.0,90.61,49.25,-122.94916699999999,13.876666666666669,2463.5029246220065
42,Nanaimo,83811.0,91.0,49.164166666667,-123.93638888889,13.864754098360654,921.0
56,Revelstoke,7139.0,40.0,50.9981,-118.196,13.483977900552485,178.475
57,Richmond,198309.0,129.27,49.166666666667005,-123.13333333333,16.176136363636363,1534.0682292875376
60,Surrey,468251.0,316.41,49.1833,-122.85,13.43961038961039,1479.8868556619575
63,Vancouver,603502.0,115.0,49.25,-123.1,15.153846153846155,5247.843478260869
65,Victoria,80032.0,19.47,48.422151,-123.3657,15.129145728643214,4110.529019003596
83,Fredericton,56224.0,130.68,45.95,-66.666666666667,11.938202247191011,430.24181205999383
89,St. John's,106172.0,446.06,47.5675,-52.707222222222,9.719398907103825,238.02179079047662
91,Iqaluit,6699.0,52.0,63.75,-68.55,-4.642939481268011,128.82692307692307
92,Barrie,141434.0,76.99,44.39,-79.686,15.047202797202797,1837.043771918431
98,Burlington,175779.0,185.66,43.325,-79.8,14.179888268156423,946.7790584940213
104,Greater Sudbury,161531.0,3200.56,46.49,-81.01,10.428099173553719,50.46960531906917
107,Hamilton,519949.0,1138.11,43.25,-79.866666666667,15.220505617977528,456.8530282661606
111,Kitchener,219153.0,136.89,43.45,-80.483333333333,14.015109890109889,1600.9423624808242
113,Markham,301709.0,212.58,43.8833,-79.25,15.080601092896174,1419.2727443785868
114,Mississauga,713443.0,292.4,43.6,-79.65,16.14764705882353,2439.9555403556774
120,Ottawa,883391.0,2778.798243,45.416666666667005,-75.7,12.720994475138122,317.9039724187705
127,Quinte West,43086.0,494.0,44.183333333332996,-77.566666666667,14.165846994535519,87.21862348178138
129,Sault Ste. Marie,75141.0,715.0,46.5333,-84.35,11.966120218579235,105.0923076923077
135,Thunder Bay,108359.0,447.5,48.3822,-89.2461,10.551246537396121,242.14301675977654
137,Toronto,2731571.0,630.0,43.7,-79.4,15.022471910112358,4335.826984126984
147,Amos,12823.0,427.0,48.566666666667004,-78.116666666667,11.207070707070708,30.030444964871194
159,Belleterre,313.0,551.0,47.3833,-78.7,10.892717086834732,0.5680580762250453
161,Berthierville,4189.0,6.0,46.0833,-73.1833,16.512448132780083,698.1666666666666
179,Charlemagne,5913.0,2.0,45.716666666667,-73.483333333333,17.607142857142858,2956.5
196,Duparquet,666.0,123.0,48.5,-79.2333,8.118559556786703,5.414634146341464
203,Gatineau,276245.0,342.0,45.483333,-75.65,15.411764705882353,807.733918128655
210,Joliette,20484.0,22.0,46.01666666666701,-73.45,16.751655629139073,931.0909090909091
216,La Sarre,7282.0,148.0,48.8,-79.0,15.466867469879517,49.2027027027027
220,Lac-Mégantic,5654.0,25.0,45.583333333332995,-70.883333333333,15.392638036809817,226.16
224,L'Assomption,22429.0,98.0,45.8333,-73.4167,12.051104972375692,228.8673469387755
226,Lavaltrie,13657.0,68.0,45.8833,-73.2833,12.051104972375692,200.83823529411765
235,Macamic,2751.0,202.0,48.75,-79.0,15.466867469879517,13.618811881188119
237,Malartic,3377.0,148.0,48.1333,-78.1333,8.413055555555555,22.81756756756757
240,Mascouche,46692.0,107.0,45.75,-73.6,17.607142857142858,436.3738317757009
250,Montreal,1704694.0,498.0,45.508055999999996,-73.555,12.798055555555555,3423.0803212851406
261,Notre-Dame-des-Prairies,9273.0,18.0,46.05,-73.4333,16.751655629139073,515.1666666666666
274,Quebec City,531902.0,484.1,46.816111,-71.22416700000001,10.533704735376045,1098.7440611443917
275,Repentigny,84285.0,61.0,45.73333333333299,-73.46666666666701,17.607142857142858,1381.72131147541
278,Rimouski,49197.0,529.5,48.45,-68.53333333333299,13.180180180180182,92.91218130311614
283,Rouyn-Noranda,42334.0,6009.0,48.2333,-79.0167,8.118559556786703,7.0450990181394575
284,Saguenay,145949.0,1136.0,48.4167,-71.0667,8.895211267605635,128.4762323943662
307,Saint-Gabriel,2640.0,2.0,46.3,-73.3833,14.3,1320.0
325,Sept-Îles,25686.0,2140.0,50.2167,-66.3833,7.150969529085873,12.002803738317757
331,Terrebonne,111575.0,154.0,45.7,-73.633333333333,17.607142857142858,724.512987012987
337,Val-d'Or,32491.0,3541.0,48.1,-77.7833,8.413055555555555,9.175656594182435
351,Martensville,7716.0,6.0,52.2897,-106.667,10.15702479338843,1286.0
358,Regina,193100.0,145.557331,50.454722222222,-104.60666666667,11.328099173553719,1326.6250395866355
359,Saskatoon,222189.0,170.8,52.133333333333,-106.68333333333,10.15702479338843,1300.8723653395784
364,Whitehorse,23276.0,416.54,60.717222222222006,-135.05583333333,7.181286549707602,55.879387333749456
365,New York City,8550406.0,1214.0,40.67,-73.94,18.128415300546447,7043.168039538715
366,Los Angeles,319198.0,1302.764019,34.05,-118.25,24.645901639344263,245.01597783228308
367,Chicago,2722389.0,606.057217,41.9,-87.65,15.034806629834254,4491.966968854691
368,Houston,2195914.0,1625.0,29.762777777778002,-95.383055555556,27.563114754098358,1351.3316923076923
369,Phoenix,1469471.0,1341.48,33.528333333333,-112.07638888889,31.377322404371586,1095.4102931091033
370,Philadelphia,1560297.0,366.742316,39.953055555556,-75.163333333333,19.41448467966574,4254.477686180069
371,San Antonio,1436697.0,1205.0,29.428611111111003,-98.493333333333,28.537158469945354,1192.2796680497925
372,San Diego,1394928.0,964.511572,32.715,-117.1625,22.621857923497267,1446.2532544917979
373,Dallas,1197816.0,999.0,32.7825,-96.7975,26.140437158469943,1199.015015015015
374,San Jose,1000536.0,466.12016,37.304166666667,-121.87277777778,22.488251366120217,2146.5194725754836
375,Austin,912791.0,703.958768,30.3,-97.733333333333,27.559562841530056,1296.6540676711907
376,Jacksonville,821784.0,2265.203601,30.316666666667,-81.65,28.055737704918034,362.78593219488704
377,San Francisco,852469.0,121.0,37.766667,-122.433333,17.96775956284153,7045.198347107438
378,Columbus,787033.0,577.852247,39.983333333333,-82.983333333333,18.26311475409836,1361.9969535222729
379,Indianapolis,853173.0,963.5,39.767777777778,-86.15805555555599,18.243715846994537,885.4935132330047
380,Fort Worth,812238.0,904.423848,32.757222222222,-97.33305555555599,27.031395348837208,898.0722940866106
381,Charlotte,731424.0,771.03946,35.226944444444,-80.84333333333299,23.386885245901638,948.6207100217673
382,Seattle,608660.0,369.0,47.6,-122.31666666667,16.94626436781609,1649.4850948509486
383,Denver,682545.0,401.448157,39.739166666666996,-104.98472222222,20.980225988700564,1700.207083028158
384,El Paso,649133.0,663.7,31.790277777778,-106.42333333333,26.735245901639342,978.0518306463763
385,"Washington, D.C.",672228.0,259.0,38.895,-77.036666666667,20.480601092896173,2595.4749034749034
386,Boston,655884.0,232.140634,42.357777777778004,-71.06166666666701,16.18415300546448,2825.3735190539714
387,Detroit,680250.0,370.0,42.331666666667,-83.0475,15.95601092896175,1838.5135135135135
388,Nashville,668347.0,1367.25,36.165,-86.78388888888901,22.4225,488.82574510879505
389,Memphis,646889.0,839.2,35.1175,-89.97111111111099,24.04535519125683,770.8400857959962
390,Portland,583776.0,376.0,45.51666666666701,-122.66666666667,17.466849315068494,1552.595744680851
391,Oklahoma City,579999.0,1606.673224,35.4823,-97.5352,23.8224043715847,360.9937548819199
392,Las Vegas,583756.0,351.720385,36.175,-115.13638888889,27.392622950819675,1659.7161407064875
393,Louisville,760026.0,1033.405256,38.254166666667,-85.760277777778,20.646005509641874,735.4578424942712
394,Baltimore,621849.0,238.537904,39.286388888889,-76.615,19.7103825136612,2606.919024491806
395,Milwaukee,600155.0,248.6388576,43.05,-87.95,15.64915254237288,2413.761894633158
396,Albuquerque,545852.0,490.9,35.116666666667,-106.61666666667,22.129234972677597,1111.9413322468936
397,Tucson,520116.0,611.8,32.221666666667,-110.92638888889,29.937978142076503,850.1405688133377
398,Fresno,494665.0,290.877,36.781666666667,-119.79222222222,26.031693989071037,1700.5985347758674
399,Sacramento,485199.0,259.273,38.575277777778,-121.48611111111,25.00846994535519,1871.3826738611424
400,Mesa,439041.0,344.805117,33.415,-111.83138888889,31.69129032258065,1273.301869241111
401,Kansas City,459787.0,826.284,39.05,-94.583333333333,20.9801652892562,556.4515348233779
402,Atlanta,447841.0,347.1,33.756944444443995,-84.390277777778,24.152631578947368,1290.2362431575914
403,Long Beach,462257.0,133.223,33.768321,-118.19561680000001,24.312295081967214,3469.7987584726357
404,Colorado Springs,416427.0,504.8,38.863333333333,-104.79194444444,18.941256830601095,824.9346275752773
405,Raleigh,439896.0,375.030278,35.818888888889,-78.644722222222,22.45,1172.961293541211
406,Miami,417650.0,143.148642,25.783333333333,-80.21666666666701,28.79406779661017,2917.596661517753
407,Omaha,408958.0,338.201,41.266666666667,-96.016666666667,18.554371584699453,1209.2158213606701
408,Oakland,422856.0,202.024252,37.8,-122.25,20.15396825396825,2093.095238882508
409,Minneapolis,400070.0,151.3,44.980277777778,-93.26416666666701,13.750969529085873,2644.216787838731
410,Tulsa,391906.0,484.0,36.131388888889,-95.937222222222,23.77896174863388,809.7231404958678
411,Arlington,365438.0,258.221814,32.705033,-97.122839,26.234159779614327,1415.2096383305557
412,New Orleans,384320.0,906.495838,29.966666666667,-90.05,26.26530054644809,423.9622333489412
413,Wichita,382368.0,423.7,37.688888888889,-97.336111111111,22.292349726775956,902.4498465895681
414,Cleveland,396815.0,213.6,41.482222222222,-81.669722222222,16.653551912568307,1857.748127340824
415,Tampa,347645.0,441.9,27.970833333333,-82.46472222222201,28.419672131147543,786.705136908803
416,Bakersfield,347483.0,371.946,35.405833333333,-119.01861111111,26.38425414364641,934.2297000102164
417,Aurora,325078.0,402.6,39.695833333333,-104.80805555556,19.73688524590164,807.4465971187282
418,Honolulu,390738.0,177.2,21.308888888889,-157.82611111111,9.226502732240437,2205.0677200902937
419,Anaheim,336265.0,131.6,33.836111111111,-117.88972222222,26.827197802197805,2555.2051671732524
420,Santa Ana,324528.0,71.271292,33.740833333333,-117.88138888889,25.59095890410959,4553.418226233362
421,Corpus Christi,316381.0,1192.0,27.742777777778002,-97.40194444444401,27.19850746268657,265.4203020134228
422,Riverside,303871.0,255.44,33.948063888888996,-117.39612777778,28.628527607361963,1189.5983401190103
423,Lexington,295803.0,739.441605,38.029722222222,-84.49472222222201,20.23032786885246,400.03564581681877
424,St. Louis,315685.0,170.939215,38.616666666667,-90.2,20.66418732782369,1846.767577585986
425,Stockton,290409.0,167.7095,37.975555555556,-121.30083333333,25.07774725274725,1731.619258300812
426,Pittsburgh,305841.0,150.996306,40.45,-80.0,18.835227272727273,2025.486636739312
427,Cincinnati,296943.0,206.01,39.133333333333,-84.5,19.11530054644809,1441.4009028687929
428,Anchorage,298695.0,5098.650594,61.218333333333,-149.89916666667,9.483241758241757,58.5831475393703
429,Henderson,257729.0,279.0,36.0292,-115.0253,27.838797814207652,923.7598566308244
430,Greensboro,279639.0,339.80644,36.08,-79.819444444444,22.23901098901099,822.9361397623894
431,Plano,269776.0,185.0,33.05,-96.75,24.81775956284153,1458.2486486486487
432,Newark,281944.0,67.617,40.735277777778,-74.185,18.4103825136612,4169.720632385347
433,Lincoln,277348.0,240.0,40.810555555556,-96.680277777778,19.29398907103825,1155.6166666666666
434,Toledo,287208.0,217.87,41.666666666667,-83.583333333333,16.990358126721762,1318.254004681691
435,Orlando,238300.0,286.711683,28.533611111111004,-81.386666666667,28.974590163934426,831.148551417767
436,Chula Vista,243916.0,134.925,32.627777777778,-117.04805555556001,22.842465753424655,1807.7895126922363
437,Irvine,250384.0,172.115069,33.684166666667,-117.7925,23.302459016393442,1454.7476955663888
438,Fort Wayne,253691.0,287.05,41.08045,-85.13915,16.9672131147541,883.7867967253092
439,Jersey City,247597.0,54.596949,40.711388888889,-74.064722222222,18.4103825136612,4534.997001389217
440,Durham,228330.0,280.4,35.9875,-78.90722199999999,22.322527472527472,814.3009985734666
441,St. Petersburg,253693.0,356.4,27.773055555556002,-82.64,27.413855421686748,711.820987654321
442,Laredo,244731.0,233.0,27.506111111111004,-99.507222222222,30.746174863387978,1050.3476394849786
443,Buffalo,258959.0,136.0,42.904722222222,-78.849444444444,15.03038674033149,1904.110294117647
444,Madison,236901.0,243.54,43.07472222222201,-89.38444444444401,14.65056179775281,972.739591032274
445,Lubbock,243839.0,320.0,33.566666666667,-101.88333333333,24.380874316939888,761.996875
446,Chandler,236123.0,150.21931,33.303333333333,-111.84138888889,31.69129032258065,1571.8551762752738
447,Scottsdale,217385.0,477.7,33.493055555556005,-111.92611111111,31.69129032258065,455.06594096713417
448,Glendale,226721.0,144.521336,33.583333333333,-112.2,31.152515723270444,1568.7718248051624
449,Reno,225221.0,274.2,39.527222222222,-119.82194444443998,19.82704918032787,821.3749088256748
450,Norfolk,246393.0,248.638858,36.854627777778,-76.274394444444,20.704931506849313,990.967389337028
451,North Las Vegas,216961.0,262.6,36.228611111111,-115.14666666667,27.539893617021278,826.2033511043411
452,Irving,216290.0,175.342195,32.811666666667,-96.950833333333,26.140437158469943,1233.5308109950374
453,Chesapeake,235429.0,909.085826,36.767398,-76.287405,20.704931506849313,258.9733480235781
454,Gilbert,208453.0,196.839096,33.35,-111.78916666667,31.69129032258065,1059.0020185827311
456,Garland,226876.0,147.9,32.906944,-96.635,24.81775956284153,1533.9824205544287
457,Fremont,220000.0,226.9,37.543055555556,-121.98277777778,21.343370165745856,969.5901278096077
458,Baton Rouge,229493.0,204.893959,30.416666666667,-91.1,25.92295081967213,1120.0574244358274
459,Richmond,220289.0,161.874256,37.533333333333005,-77.46666666666701,20.854644808743167,1360.8649419831156
460,Boise,205671.0,207.328548,43.613611111111005,-116.23777777778,18.66584699453552,992.0052109755767
461,San Bernardino,209924.0,154.48,34.129444444444,-117.29305555556002,24.887637362637363,1358.9073019161058
462,Spokane,208916.0,155.451086,47.658888888888995,-117.5,15.37295081967213,1343.9340012072994
463,Des Moines,203433.0,213.933017,41.590833333333,-93.620833333333,17.804918032786883,950.9191374606753
464,Modesto,201165.0,96.069,37.661388888889,-120.99444444443998,25.724316939890713,2093.963713580864
465,Birmingham,212237.0,384.898133,33.524755,-86.81274,24.966120218579235,551.4108326423085
466,Tacoma,198397.0,161.46,47.241388888889,-122.45944444443998,16.915573770491804,1228.7687352904743
467,Fontana,203003.0,109.899,34.1,-117.46666666667,26.987431693989073,1847.1778633108581
468,Rochester,210565.0,96.1,43.165555555556004,-77.611388888889,15.996721311475408,2191.1030176899067
469,Oxnard,205437.0,101.548253,34.191388888889,-119.1825,21.46198347107438,2023.048097144517
470,Moreno Valley,193365.0,133.319637,33.943055555556,-117.22833333333,26.664285714285718,1450.3864873259442
471,Fayetteville,204408.0,382.6,35.066666666667,-78.9175,23.177089783281733,534.260324098275
473,Glendale,191719.0,79.212,34.170833333333,-118.25,26.243715846994537,2420.3277281220016
474,Yonkers,195976.0,52.6,40.941388888889,-73.864444444444,18.764480874316938,3725.7794676806084
475,Huntington Beach,189992.0,82.576,33.692777777778,-117.99972222222,23.302459016393442,2300.8137957760127
476,Montgomery,205764.0,404.530242,32.361666666667,-86.27916666666701,27.322950819672133,508.64923962841823
477,Amarillo,190695.0,233.9,35.199166666667,-101.84527777778,23.667759562841532,815.2843095339889
478,Little Rock,193524.0,302.510611,34.736111111111,-92.331111111111,24.07704918032787,639.7263202116239
479,Akron,199110.0,161.54,41.073055555556,-81.517777777778,17.793905817174515,1232.5739754859478
480,Columbus,200887.0,572.0,32.492222222222,-84.940277777778,25.85136612021858,351.20104895104896
481,Augusta,196741.0,793.831355,33.47,-81.975,25.81666666666667,247.83727521067746
482,Grand Rapids,112571.0,117.25,42.96125,-85.655719444444,15.238251366120219,960.09381663113
483,Shreveport,199311.0,312.9,32.5082078,-93.7629569,25.779781420765026,636.9798657718121
484,Salt Lake City,186440.0,285.934687,40.75,-111.88333333333,18.707185628742515,652.0370157119132
485,Huntsville,180105.0,556.847443,34.713611111111,-86.586111111111,22.94848484848485,323.43688071851307
486,Mobile,195111.0,412.844104,30.727669444443997,-88.052672222222,25.909562841530054,472.60212295535166
487,Tallahassee,181376.0,268.063769,30.438736111111,-84.280633333333,28.03934426229508,676.6151228739906
488,Grand Prairie,175396.0,210.024725,32.715278000000005,-97.016944,24.81620879120879,835.1207220959342
489,Overland Park,173372.0,195.803101,38.940072222222,-94.68069722222201,19.457967032967034,885.440522211137
490,Knoxville,178874.0,269.8,35.966666666666995,-83.95,22.796338028169014,662.9873980726463
491,Port St. Lucie,164603.0,303.028608,27.275833333333,-80.355,28.43315068493151,543.1929384040202
492,Worcester,183016.0,99.973541,42.266666666667,-71.8,14.625753424657535,1830.6443701939097
493,Brownsville,183046.0,378.9,25.930277777778002,-97.48444444444401,31.29265306122449,483.0984428609132
494,Tempe,161719.0,104.117522,33.429444444444,-111.94305555556002,31.69129032258065,1553.23519897064
495,Santa Clarita,219611.0,160.99366,34.416389,-118.50638899999998,22.37851851851852,1364.0971948833264
496,Newport News,182385.0,310.798573,37.070833333333,-76.484444444444,21.072054794520547,586.8270186684545
497,Cape Coral,154305.0,310.798573,26.633333,-81.983333,29.43497267759563,496.4791134996621
498,Providence,178042.0,66.044696,41.830833333333004,-71.415,17.249726775956283,2695.7804454123007
499,Fort Lauderdale,172389.0,99.0,26.135833333333,-80.141944444444,29.054269972451788,1741.3030303030303
500,Chattanooga,173366.0,370.886297,35.045555555556,-85.267222222222,24.099726775956285,467.437059288281
501,Rancho Cucamonga,165269.0,103.265415,34.123333333333,-117.57944444443999,26.987431693989073,1600.4293402587884
502,Oceanside,167086.0,109.231,33.211666666667,-117.32583333333,22.77252747252747,1529.6573317098628
503,Santa Rosa,167815.0,107.481916,38.448611111111,-122.70472222222,21.215934065934068,1561.332419864938
504,Garden Grove,170883.0,46.513596,33.778889,-117.960278,25.59095890410959,3673.8290455977644
505,Vancouver,161791.0,129.14,45.633611111111,-122.60277777778,17.873224043715847,1252.834133498529
506,Sioux Falls,164676.0,190.29,43.536388888889,-96.73166666666701,15.297540983606558,865.3949235377582
507,Ontario,163924.0,129.515,34.052777777778,-117.62777777778,26.987431693989073,1265.675790448983
508,McKinney,155142.0,162.9,33.2,-96.633333333333,24.77486338797814,952.3756906077348
509,Elk Grove,153015.0,109.398507,38.438333333333,-121.38194444443998,24.064207650273225,1398.6936768707455
510,Jackson,173514.0,276.7,32.298888888888996,-90.184722222222,25.771584699453552,627.0834839176003
512,Salem,154637.0,125.484923,44.930833333333,-123.02888888889,18.681420765027323,1232.3153754495272
513,Springfield,159498.0,213.181921,37.195,-93.286111111111,20.701639344262297,748.1778907508766
514,Corona,160000.0,100.829,33.866666666667,-117.56666666667,28.333333333333332,1586.84505449821
515,Eugene,163460.0,111.3694883,44.051944444444,-123.08555555556002,18.693989071038253,1467.7269555165947
516,Fort Collins,143986.0,144.599036,40.566666666667,-105.08333333333,19.05054644808743,995.7604419990738
517,Peoria,154065.0,461.017883,33.5825,-112.23861111111,31.152515723270444,334.18443336177484
518,Frisco,116989.0,161.6,33.1414,-96.8131,24.81775956284153,723.9418316831683
519,Cary,151088.0,143.6,35.778888888889,-78.80027777777799,22.035376044568245,1052.1448467966575
520,Lancaster,156633.0,244.876,34.686944444443995,-118.15416666667,26.293169398907104,639.642104575377
521,Hayward,149392.0,165.108,37.668888888889,-122.08083333333,20.77677595628415,904.8138188337331
522,Palmdale,152750.0,275.099,34.581111111111,-118.10055555556002,26.292622950819673,555.254653779185
523,Salinas,150441.0,60.1318,36.677777777778,-121.65555555556001,20.917261904761904,2501.8542601418885
524,Alexandria,153511.0,40.1,38.804722222222,-77.047222222222,20.480601092896173,3828.204488778055
525,Lakewood,142980.0,114.114876,39.706389,-105.102778,18.168044077134986,1252.9479504495102
526,Springfield,153060.0,86.0,42.112411,-72.547455,15.391044776119404,1779.7674418604652
527,Pasadena,149043.0,115.3,29.676111111111002,-95.17388888888901,27.563114754098358,1292.6539462272333
528,Sunnyvale,140081.0,58.0,37.368888888888996,-122.03694444443998,21.374520547945206,2415.189655172414
529,Macon,153691.0,661.0,32.83583,-83.64639,26.234246575342468,232.5128593040847
530,Pomona,149058.0,59.476486,34.060833333333,-117.75583333333,25.23708791208791,2506.166890895336
531,Hollywood,146526.0,79.8,26.021388888889,-80.175,28.60136612021858,1836.1654135338347
532,Kansas City,145786.0,332.502673,39.106666666666996,-94.67638888888901,20.9801652892562,438.45061059103125
533,Escondido,143911.0,95.80107,33.124722,-117.08083300000001,26.053005464480872,1502.185727153152
534,Clarksville,132929.0,247.4,36.5297222,-87.3594444,21.65042492917847,537.303961196443
536,Rockford,152871.0,147.0,42.269722222222,-89.069722222222,16.20983606557377,1039.938775510204
537,Torrance,145438.0,53.233,33.835849200000006,-118.34062879999999,22.08743169398907,2732.1022673905286
540,Savannah,142772.0,281.5,32.050833333333,-81.103888888889,25.757377049180327,507.1829484902309
541,Bridgeport,144229.0,50.245769,41.183333333333,-73.2,17.336164383561645,2870.4705464852173
542,Mesquite,143484.0,119.6,32.782779999999995,-96.60972,26.140437158469943,1199.6989966555184
543,Killeen,138154.0,140.5,31.105555555556002,-97.726666666667,26.276666666666664,983.3024911032029
544,Syracuse,144669.0,68.8937,43.046898999999996,-76.144423,4.612371134020618,2099.887217554
545,McAllen,140717.0,119.916449,26.216388888888996,-98.23638888888901,31.92125748502994,1173.4586970633195
547,Bellevue,122363.0,94.46,47.5975,-122.15916666667,17.06830601092896,1295.394876138048
548,Fullerton,135161.0,57.921,33.88,-117.92861111111,26.076502732240435,2333.540512076794
549,Orange,136416.0,65.371299,33.803055555556,-117.8325,26.827197802197805,2086.787352963569
550,Dayton,141527.0,146.334328,39.766666666667,-84.2,18.61625344352617,967.1483235293908
552,Thornton,118772.0,92.980573,39.9031,-104.954,20.581005586592177,1277.3851157058366
553,West Valley City,132434.0,91.944577,40.689166666667,-111.99388888889,19.33415300546448,1440.3677119532565
554,Olathe,125872.0,156.49,38.8808,-94.8031,19.457967032967034,804.3453255799092
555,Hampton,136454.0,352.238383,37.034946000000005,-76.360126,21.47622950819672,387.3910584014917
556,Warren,134056.0,89.25099,42.491944444444,-83.023888888889,15.95601092896175,1502.0113502382437
557,Midland,123933.0,185.2,32.005,-102.09917,25.539285714285715,669.1846652267819
558,Waco,124805.0,247.4,31.551388888888997,-97.15583333333299,24.186785714285712,504.46645109135005
559,Charleston,120083.0,330.2,32.776111111111,-79.9325,24.29940476190476,363.66747425802544
560,Columbia,129272.0,349.389396,34.000555555556005,-81.04416666666701,26.73708791208791,369.99405671716494
561,Denton,113383.0,231.327378,33.216666666666995,-97.133333333333,24.683013698630138,490.14086002392673
562,Carrollton,126700.0,96.1,32.99,-96.89333333333299,24.81775956284153,1318.4183142559834
563,Surprise,117517.0,273.891242,33.629194444443996,-112.36779722222,31.152515723270444,429.0644678591074
565,Sterling Heights,129699.0,95.311562,42.580277777778,-83.030277777778,15.573972602739726,1360.7897853987538
566,Murfreesboro,108755.0,101.527533,35.846143,-86.392078,22.517808219178082,1071.1872610949779
567,Gainesville,128460.0,161.6,29.665277777778,-82.336111111111,27.99754098360656,794.9257425742575
568,Cedar Rapids,126326.0,186.660443,41.983333333333,-91.66861111111099,17.223497267759562,676.7689927747574
569,Visalia,130753.0,93.928508,36.317222222222,-119.33194444443998,25.011337209302326,1392.048088318405
571,New Haven,130282.0,52.0,41.308333333333,-72.925,16.561475409836067,2505.423076923077
572,Stamford,128278.0,134.93838,41.096666666667,-73.552222222222,18.07967032967033,950.6413223576569
573,Thousand Oaks,126683.0,142.918133,34.189444444444,-118.875,25.058677685950414,886.4025672655547
574,Concord,125880.0,79.114,37.978055555556004,-122.03111111111001,23.71657458563536,1591.1216725231943
575,Elizabeth,124969.0,34.873,40.662222222222,-74.209166666667,18.889071038251366,3583.5460098070143
576,Lafayette,120687.0,127.427415,30.216666666667,-92.03333333333299,26.924316939890712,947.1038865537687
577,Kent,92411.0,88.551693,47.382777777777996,-122.22694444443998,17.30955223880597,1043.5825320697143
578,Topeka,127473.0,159.21,39.033333333333005,-95.683333333333,20.462880886426593,800.6595063124175
579,Simi Valley,124237.0,109.419227,34.270833,-118.739167,25.058677685950414,1135.422022310576
580,Santa Clara,122192.0,47.675,37.35,-121.96666666667,22.488251366120217,2563.0204509701102
581,Athens,115452.0,306.2,33.955277777778,-83.383055555556,24.939344262295084,377.0476812540823
582,Hartford,124893.0,46.619785,41.763333333333,-72.685,18.06098901098901,2678.969883709245
583,Victorville,115903.0,190.988313,34.536111111111005,-117.28833333333,25.474861878453037,606.8591223170812
584,Abilene,117063.0,286.5,32.446388888889,-99.745555555556,25.364754098360656,408.59685863874347
585,Norman,110925.0,490.6,35.221666666667,-97.418333333333,23.419166666666666,226.10069302894414
586,Vallejo,115942.0,128.3,38.104088,-122.256638,23.86384839650146,903.6788776305533
587,Berkeley,112580.0,45.833,37.870277777778,-122.26805555556001,20.041297935103245,2456.308773154714
588,Round Rock,109821.0,68.116687,30.515,-97.6725,26.05521978021978,1612.2481118319804
589,Ann Arbor,113934.0,74.332658,42.275277777778,-83.730833333333,16.660109289617488,1532.7583200374727
590,Fargo,105549.0,126.443219,46.877222222222,-96.789444444444,6.863157894736842,834.7541357674546
591,Columbia,108500.0,164.464245,38.948333333333004,-92.333888888889,19.97978142076503,659.717861471957
592,Allentown,119104.0,46.619785,40.6,-75.483333333333,18.543169398907104,2554.7951368716094
593,Evansville,117429.0,115.57,37.974722222222,-87.555833333333,21.08739726027397,1016.0854893138359
594,Beaumont,118296.0,222.6,30.08,-94.126666666667,26.674863387978142,531.4285714285714
595,Odessa,110720.0,113.959476,31.863333333333003,-102.36555555556,25.163022508038587,971.5734389652687
596,Wilmington,109922.0,107.484506,34.223333333333,-77.912222222222,23.92622950819672,1022.6776313229742
597,Arvada,106433.0,92.616,39.802764399999994,-105.08748419999999,19.424043715846995,1149.1858858080677
598,Independence,116830.0,202.67,39.083333333333,-94.416666666667,19.53636363636364,576.4543346326541
599,Provo,116288.0,114.4,40.244444444444,-111.66083333333,20.478415300546448,1016.5034965034964
600,Lansing,114297.0,95.000763,42.7335,-84.5467,15.56775956284153,1203.1166528630933
601,El Monte,113475.0,24.988205,34.073333333333004,-118.0275,28.41958762886598,4541.142511036707
603,Fairfield,105321.0,97.475,38.257777777778,-122.05416666667,23.4021978021978,1080.492433957425
604,Clearwater,107685.0,101.6,27.973611111111,-82.76416666666701,28.33743169398907,1059.8917322834645
606,Rochester,106769.0,141.801849,44.0234,-92.46295,13.489890710382515,752.9450479873502
607,Carlsbad,105328.0,101.295,33.121944444444,-117.29694444443999,21.505494505494504,1039.8144034749987
608,Westminster,106114.0,85.210608,39.836111111111,-105.03722222222,20.581005586592177,1245.3144331513279
609,West Jordan,108383.0,80.030632,40.606388888889,-111.97611111111,18.178571428571427,1354.2689504188847
610,Pearland,108715.0,122.9,29.5544,-95.2958,28.024657534246575,884.5809601301871
611,Richardson,99223.0,74.2,32.965555555556,-96.715833333333,24.81775956284153,1337.2371967654985
612,Downey,111772.0,32.551,33.938055555556005,-118.13083333333,22.145070422535213,3433.750115203834
614,Temecula,100097.0,78.133,33.503333333333,-117.12361111111,25.885479452054796,1281.1104142935765
615,Costa Mesa,109960.0,40.662813,33.67,-117.91,23.302459016393442,2704.1906815448306
616,College Station,100050.0,128.5,30.601388888888998,-96.314444444444,27.026502732240438,778.5992217898832
617,Elgin,110145.0,97.668451,42.039444444444,-88.288611111111,15.952747252747253,1127.7439016617557
618,Murrieta,103466.0,87.058,33.569444444443995,-117.2025,24.956965944272447,1188.4720531140158
619,Gresham,105594.0,59.5697263,45.503611111111,-122.43944444443999,17.603825136612024,1772.6118039927942
620,High Point,104371.0,205.3,35.970555555556004,-79.9975,22.42396694214876,508.3828543594739
621,Antioch,102372.0,75.324624,38.005,-121.80583333333,24.10922619047619,1359.0774777714125
622,Inglewood,109673.0,23.550761,33.9575,-118.34611111111,23.15671232876712,4656.877117474038
623,Cambridge,107289.0,18.47,42.375,-71.106111111111,16.18415300546448,5808.825121819166
624,Lowell,109945.0,37.7,42.639444444443996,-71.314722222222,16.14129213483146,2916.3129973474797
625,Manchester,109565.0,90.6,42.99083333333299,-71.463611111111,15.073150684931509,1209.3267108167772
626,Billings,104170.0,112.72,45.786666666667,-108.53722222222,16.6275956284153,924.1483321504613
627,Pueblo,106595.0,117.58546,38.266944444444,-104.62027777778,21.481967213114753,906.5321511690306
628,Palm Bay,103190.0,178.3,27.997922222221998,-80.670008333333,29.13053221288515,578.7436904094222
630,Richmond,103701.0,135.923,37.935833333333,-122.34777777778,19.801176470588235,762.9393112276804
631,Ventura,106433.0,83.125668,34.275,-119.22777777778,21.46198347107438,1280.3867031781326
632,Pompano Beach,99845.0,65.8,26.234722222222,-80.125555555556,28.659615384615385,1517.401215805471
633,North Charleston,97471.0,198.5,32.885277777778,-80.016944444444,25.88688524590164,491.03778337531486
634,Everett,103019.0,125.0,47.963333333333,-122.20055555556002,16.935526315789474,824.152
635,Waterbury,110366.0,75.0,41.558333333333,-73.036944444444,17.67900552486188,1471.5466666666666
636,West Palm Beach,104031.0,150.737308,26.709722222222,-80.064166666667,28.88060109289618,690.1476574067516
637,Boulder,97385.0,66.5,40.019444444444,-105.29277777778,19.805464480874317,1464.436090225564
638,West Covina,106098.0,41.672908,34.056666666667,-117.91861111111,28.41958762886598,2545.970633966797
639,Broken Arrow,98850.0,118.103457,36.036388888889,-95.78361111111099,23.968306010928963,836.9780403633739
640,Clovis,95631.0,60.289743,36.825277777778,-119.70305555556001,26.031693989071037,1586.1902081752114
641,Daly City,101123.0,19.849668,37.686388888889,-122.46833333333001,16.908823529411766,5094.442889422634
642,Lakeland,100710.0,192.695115,28.041111111111,-81.95888888888899,29.4,522.6390923298704
644,Norwalk,105549.0,25.243,33.906944444444,-118.08333333333,26.076502732240435,4181.317592996078
645,Sandy Springs,101908.0,101.009536,33.9375,-84.36861111111101,24.12431693989071,1008.8948433541958
646,Hillsboro,91611.0,62.0,45.523055555556,-122.98833333333,17.92409972299169,1477.5967741935483
647,Green Bay,104057.0,144.94,44.513333333332994,-88.01583333333299,13.63013698630137,717.9315578860218
648,Tyler,96900.0,140.833193,32.35,-95.3,26.059289617486336,688.0480228833554
649,Wichita Falls,104553.0,183.1,33.896944444443996,-98.515,25.189344262295084,571.015838339705
650,Lewisville,95290.0,109.996795,33.0383,-97.0061,25.260693641618495,866.2979680453417
651,Burbank,103340.0,45.011403,34.180277777778,-118.32833333333001,26.243715846994537,2295.862672843146
652,Greeley,92889.0,77.7,40.416666666667,-104.7,20.219945355191257,1195.4826254826255
653,San Mateo,97207.0,41.139371,37.554166666667,-122.31305555556001,19.32431693989071,2362.8703511290923
654,El Cajon,99478.0,37.381298,32.798333333333,-116.96,26.069945355191255,2661.170299650911
656,Rialto,99171.0,57.926,34.111388888888996,-117.3825,24.887637362637363,1712.0291406276974
657,Davenport,102157.0,168.56,41.543055555556,-90.590833333333,17.086111111111112,606.0571903179876
658,League City,83560.0,137.3,29.499722222221997,-95.08972222222201,26.23196721311475,608.5943190094682
661,Las Cruces,97618.0,198.5,32.319722222222,-106.76527777778,26.285245901639342,491.77833753148616
662,South Bend,101168.0,108.47,41.6725,-86.25527777777799,15.884931506849316,932.6818475154421
663,Vista,93834.0,48.377,33.193611111111004,-117.24111111111,23.347540983606557,1939.640738367406
664,Renton,90927.0,60.97,47.486666666667006,-122.19527777777999,17.420218579234973,1491.3400032803017
665,San Angelo,93200.0,150.9,31.45,-100.45,26.95136612021858,617.6275679257786
667,San Juan,355074.0,199.429084,18.45,-66.066666666667,30.85491329479769,1780.452443937415
670,Ponce,149028.0,501.421698,18.0,-66.616666666667,30.85491329479769,297.21091168256544
