title,rating
Dog Day yfternoon,8
Itouhables,10
Maps to the Stabrs,6
GtCbGBx,7
I Spit on XYour Urave 2,4
YvCtTOCS jYTsn,5
Maleficent,9
Vaiana,8
Dog Day iAfternoon,8
Neighbors 2: Sorority Riinsg,5
Non-Stop,6
Non-Styp,6
Texas Chainsaw 3D,10
Nntouchables,9
Wreck-It Ralph,9
Pitch Perfect 2,6
Me Bfre Yo,9
Mleficrent,8
IjF v,5
MeBefore You,8
 Me Before You,7
MaleficFnt,4
El cuyrpo,10
MaAps to the StaEs,9
PiUtch Perfect 2,4
Everest,8
Iintouchables,9
Dog Day Afternoon,8
P.S. I Love You,7
Maleficent,9
gMaleficent,9
Paul Blart: Mall Cop 2,4
Itouchables,10
Maleficent,9
Macbet,7
NonStop,4
Pitch PerZfeIt 2,7
WDDetachment,7
28 Days Later...,7
QHKvqpMplV,5
Pith Perfect ,8
El cuerpo,9
A ime to Kill,8
To theA Wonder,5
VaiaTna,9
Non-Stop,8
Fhe Life of Davd Gale,9
P.S.MI Love HYou,6
Vaiana,7
Vaiana,9
House at the End of the Seet,9
Pitch Perfect 2,7
Yaiana,9
Texas ChainZaw 3C,3
e BefVore You,10
PltergeisI,8
No-Stop,7
28 Days Later...,9
Much Ado AbEut Nothing,10
The ife ofh David Gale,10
CIentral IntcllQigence,9
Maleficent,9
mVpK  f,8
Much Ado About Nosthing,8
MetBefore Youk,7
Texas Chainsawi Y3D,5
Vaana,10
Texas ChaMnsaw3D,8
Non-Staop,7
Wreck-Itb Ralph,10
Me Before Y ou,8
God B ess Amoerica,8
Whpy Him?,7
IntoAuchaDles,10
Sunshin ,7
Maleficent,7
Dead Poets Soclety,9
Vaiana,8
Non-Stop,8
Maleficent,9
WrecJIt Ralph,6
Dog Day Aftefnoon,9
Heavehn Is for Real,4
Intouchable,10
on-Stp,10
xDeltachment,10
MaleficenCt,6
rntochables,9
Everest,7
EverybodkE WantsjSome!!,7
Maps t te Stars,1
Non-ctop,7
PiZch Perfect 2,8
EvSrest,7
DetachmenX,8
Non-SPop,10
eothe Wonder,9
Non-Stop,7
Wreck-It Raph,8
aleficent,8
OCentral ImntWlligence,6
Man on Fire,8
DnHZ wuLLisoBW,6
Anbomalisa,7
Dog Day AfterVnoon,9
Hitmvn: Ageent 47,5
El cusrpo,8
Man on Fire,8
I SpitLon Your Grave 2,6
Love ctually,10
Me Before You,8
Hose at the End of the Street,2
Intouchabes,9
28 Day Later...,7
Maleicent,6
PolterReit,9
Deuad Pses Society,8
sntouEchables,9
War f the orlds,8
Ors. DoubtfLre,7
Maleficent,5
Non-Stop,7
Nun-Stop,9
Non-SKtop,8
Maps to the Stars,5
Mrs. Doubktfire,8
Everst,10
The Life of David Galge,7
Vaiana,8
Me Bffore You,6
Me Befohe You,6
Mei XRmxoY M gjUEs,8
ntouchablBes,10
El cuerpo,9
Jûsan-Cin nno shikak,8
Bouse at the End oWf he Street,2
Neighbors 2: Sorority RizingZ,7
Tne Jnd of th Tour,9
Everest,7
PoltNergeist,8
Pith tPerfect 2,7
Intouchables,10
GardRn State,9
Wreqk-IthRalph,10
WeOXXtxsgEDilqNW,9
Non-Stop,8
Everest,7
Detachment,5
Garden Stae,9
IntouDhables,8
Everest,7
Dal M for Murver,10
Sunshine,5
Man on Fire,7
FloQCVDqp Q,10
28 Days Later...,6
NYon-Stop,7
Macbeth,10
Non-Stop,7
NonHStop,8
I SpitV on Your rave p2,8
Maleficent,9
Man ozn Fire,8
Non-Stop,5
Malxficent,9
entralp Intelligence,5
Non-Storp,7
NonGStop,6
MalefNcenm,8
Maczbeth,5
Intouchables,8
Dead Poets Society,8
Eve ret,9
No-Stop,6
Heaven Is frn Teal,8
Non-Stop,8
Hitman: AgentE 47,6
Non-Stop,7
Central Intlligsence,7
Maleficent,8
Shaun theT Sheep Movie,5
Haiana,9
House at thM End ofQthe  tret,5
Vaiana,9
zon-Stop,7
Intouchabls,10
IntouWchablhs,9
PitMh Perfect 2,8
Man on Fire,9
Non-StDp,8
Neighbors 2 SoQority Rising,6
Everest,7
Texas Chainsaw ED,7
MaleRicent,6
gentrel IGntelligence,6
Much Ado About Nothng,10
Jsan-nin no shikaku,7
El yuerpo,7
Itouchables,8
Evexrest,6
IQtuchawles,7
Neighbors 2: Sorority Risinkg,7
Me BefoAe YVu,7
Non-Stop,6
Non-Stop,5
Pavl Blarth Malla Cop 2,2
Intouchwables,9
EverestZ,7
Non-Stop,6
Paul Hlart: Mall op 2,6
Much Ado About othnMg,9
Tyler PerryHs HTemptatiow,4
Houset at the End of the Street,5
Non-lStop,8
A Time to Kill,8
Me Before Yo,8
Cenral Intelligence,1
Man on Fire,8
MaleficeCt,8
Wreck-It Raiph,8
Non-Stop,8
Maleficent,4
dWhyjHim?,6
Hitman: gent 47,3
Non-Stop,7
Detachment,8
AaleficenG,7
Central Intwelligence,5
House at the End ofRthe Street,2
jverewt,7
Mabeth,5
To the Wonder,9
Maleficent,7
P.S.E W Love You,4
The Life of Dvid Ggle,6
Madagascar 3: Europes Most Wantd,4
Maleuicent,6
lial M for Muzder,9
Me BeforeYou,10
Pitch Perfct 2,9
Saun the Shee Moie,5
Me VBFfore You,4
Housel at the End of the Stteet,6
The Life of DavDNid GalS,10
Texas Chainsaw3D,5
Gad Bless lAmerica,5
DialM for urder,9
Central Intelligence,6
Everes,8
Maficent,9
Central ntelligene,6
Me Before You,9
UrbxYbaBSOWePyKw,9
Texas Chainsaw 3D,2
Maleicent,8
VaianRa,9
Me BefoZre You,8
Why Him?,5
Me Before You,7
EveHest,7
Central InteBligench,7
Inouchables,9
28 Hays Latr...,8
itch PeBrfect 2,8
MaleficeXt,8
Hitman: Agent 47,8
IntouPchables,10
Hitman: Agjnt 47,7
Maleficent,8
cmSUfER,8
Maps to the Stars,6
Mrss SDoubtfire,8
War of the World,10
Central Intelligence,7
Man on Fire,8
Tower hHeist,8
Shaun thef Sheep Move,8
Shaun tMhe Sheep Movie,8
Why Hi?,5
Tbwer Heist,7
Non-SYtop,8
EvBrest,7
Mrs. DoIbtfire,10
Man n Fire,9
I Spit on Your Grave 2,8
Elcuerpo,8
PVaul Blart: Mall CopM,4
Me Before cYou,7
Neighbors 2: Sororit RisBing,2
EVvegest,8
Y urtPRZOdSJL,9
on-Stop,8
jSMmaJRR,9
Neighbors 2: Sorority Rising,6
Central Intelligence,4
Me Beforei You,9
hvct DLBAK,9
Everybody WantsYdSome!!,6
t.S. IF Love You,8
HCeaven Is for RWeal,5
Detachmen,8
cljAPiZ nWC,8
Malefaiwent,6
God BlessWAmerica,8
ySightseers,8
Sunsine,7
Man oon Fire,9
Evirest,8
GardenDState,8
Me BefKre You,9
EverBest,7
Non-Stop,9
NHon-Stop,7
Mwaleficent,9
Intouchables,9
A Time toIKihl,8
Hitman: AgeVt O7,5
Pitch PerfeZcSt 2,10
Detavchmnt,9
Love Actually,10
MalefHcent,6
Central Intelxigence,7
Texas Chainsaw pD,3
Intochpbles,9
yxxiqjdc nq,6
Non-mtop,7
RFal Steel,9
Hitman: Agent 47,6
Ihy Hi?,8
cDkg RqHZpU rVrs,10
Everybody Wans Somed!!,9
thy Him?,7
HUdcfRhb,7
MalefiRent,9
MalZeficent,5
sVKkGVhSF  ZeoqwU,5
El cuerpo,8
A Tixe to pill,8
Heaven Is for Real,9
Maleficent,8
Texds GhainsAaw 3D,6
Pitch Perfect 2,10
Pich Perfect 2,7
Muah Ado XAbout Nothing,10
e Before YouR,9
El cuerpO,10
Intouchablls,9
Man on Fre,9
El cuerpo,9
Anoqalisa,7
Much Ado About Nothng,8
Non-Stop,7
Detachmqnt,9
Non-Stop,3
Me Before You,8
CentVral Inttlligence,10
Shaubn the SHeep xoviAe,10
MLe Beore You,8
 Spit on Your Grave 2,6
fMuch Ado About Nokthing,6
Me Before You,8
Malefhicent,7
Towerjzeist,6
Maleficent,10
Mbaleficent,5
Weck-It Ralph,6
Pitch erfect 2,8
War of tbhe Worlds,9
HitmWn: Agent 4d7,7
Non-Stp,7
Non-Stop,7
Wjelcome to Me,7
Central Inelligence,4
Texas Cainsaw 3D,8
Non-Stop,6
Love Actually,8
Toer HeisYt,10
Intouchablets,10
Ererest,7
Dead Pots tocOety,9
Maleicent,8
Pitch Perfect 2,7
EvJerest,10
KM Before You,10
Non-Stop,8
Wreck-It Ralph,9
Everest,7
Non-Stop,7
Rial Steel,9
The End oE the Tour,8
Man on FirIe,8
IntouDchables,8
APomalisa,8
Eveest,7
Real USteel,7
Non-Stop,8
Maleficent,7
MalMicent,7
The End of the tour,7
Intouhables,9
Wrek-ItS Ralph,10
Me Beforr You,5
DogDay Afternoon,9
Why Him?,6
feck-It Ralph,3
Eveest,7
Shaun Mthe Sheep Movie,9
Non-Stop,7
Iaps to the SWars,8
Vaihna,8
House at the EYd of the Stet,6
P.S. I RLove Yonu,8
Macjbeth,10
House Bat the End of the Street,8
EvTeregst,8
Dead Poetys Society,10
MuGch AdopAbut NothinYg,7
M Before You,8
Dial M forw MurUder,5
Wreck-It Ralph,8
txLZbI quJnZ,4
Intouchables,8
Detachment,10
Malyficent,8
NonaStop,8
TIntouchables,10
Intouhchables,9
The End of thezTtur,7
Non-Stop,6
Intouchabses,10
Vl cuerMo,8
Centra Intelligence,7
Intouchables,10
Love Actually,9
Jûan-ninyono Dhikaku,8
an ogn Fire,9
Man on Fire,10
Detachment,7
HAITMVfAr,10
Intouchables,9
Everet,8
dntouchables,10
Shaun the Sheep MoZvie,10
Sightseerso,5
El cuerpo,9
Madanascar 3: Erope'sMost Wanted,7
House at the End of th treet,6
Cebral Intelligence,10
Intouchables,9
Nighbors 2: Sorority Rising,7
Hitman: Agent 4I,7
Maps to the Stars,1
Neighbos 2: Sorority Rising,5
Maps to thefSars,9
Viana,10
IntoXchables,9
Heaven ITs for Real,4
Vaiana,9
Malefincent,8
El cuerpo,8
on-Stop,7
MalefPcen,7
Maleficent,8
Vaiana,8
Non-Stop,8
Itouchables,9
Centrzal Intelligece,6
Wreck-ItRalph,8
Me Beforg You,6
Dead PoetG SDciety,7
Macbeth,5
Central Intellgenc,7
Dog Day Afternoon,10
Sightsers,6
jVyH Z APL RDysEOS,7
Warom the Worlds,4
Dial M for Murder,6
PM Before You,6
CentralIntelligence,8
Everest,5
Non-Stop,8
Wreck-It Rallph,10
Shaun h Sheep Movie,6
Mlefcent,8
Centralt InteJligence,7
P.S.K I Love You,5
EveresPt,10
I Spit on Your Grave 2,6
HouMe at tle EnMd of the Street,6
Non-Stop,7
vTotwer Heist,6
Madagscar 3A EurCpe's bost Wanted,7
El cuZerpo,7
Wreck-It Ralph,9
VaiaIna,7
Intouchales,9
Malefiient,10
Why Him?,6
uTexas ChaiSnsaw 3D,1
xon-Stop,7
Hitmani AgeCt 47,7
on-top,7
Me Before You,6
ISpit on Your Grave 2,6
Neighbors 2: SoroTrity Rising,6
Pagl Blart: MallCop 2,1
Madagascar 3: Europe's Most Wanted,8
Pitch PerfectT k,5
Sunshine,8
MeBefore YHu,5
Dog Day Afternoon,8
28 Days LaHter...,7
Detaczment,9
Everest,8
Real Steel,9
iUdSeRwm,9
Wrecfk-It Ralpc,10
House at the LEnd of the Stree,5
LWreck-It Raph,7
Non-Stop,8
Intouchables,9
Intouchables,9
M leficent,10
Intouchables,10
Pitch Perfact2,5
NonQ-StoZp,7
Heaven Is forReal,7
Weoome to Me,7
Intpucables,10
Hitmdn: Agwent 47,5
Anomalisa,8
El ckuerpo,10
Molefcent,6
Central Intelligence,7
Intouchables,9
Wreck-It Ralph,9
Me BeZore You,8
Maps to the JStarWs,8
Wreck-It Ralp,7
mcsxnY,7
Non-Stop,8
Me Before You,7
aMaleficent,8
ower HList,1
Everest,6
CeWntral IntelligeRce,8
DeCtachent,8
Non-StopP,9
Eql cuerpor,8
RXal Xteel,9
Into chables,9
Neighzbors 2: Sorority Rising,5
To the Wonder,7
Neifhbors 2: Sohrority sinJ,5
Everestx,7
Shaun the Sheep Movier,8
Hitman:AgenFt 47,4
Non-Stop,6
No-Stop,8
MadagaYscar 3: urope's Most Wated,7
Maleaicent,6
fAnomalisa,7
QDetachent,8
lJxqEZiGYWQJ,7
Non-top,8
Garden State,9
TexasX ChaiXnsaw 3,4
DetBchment,9
Hitman: Agenb47,6
cqqoNJXWUKrxtodEjyS,9
Dial M for Murder,10
Intouchables,7
House at the End ofu thM Street,8
Maps to Xhe SKars,5
IntJouchables,9
To the Wonider,3
Maps to the Staes,5
Intouchablmes,10
Non-Stop,8
XqAM iQBQsdzHNW,7
Macbeh,6
KhwSneHxGE,9
MalefiIcent,8
Detachment,10
Intoucables,7
ElcuerXo,8
Inoucables,10
Malefiiend,7
WreGcbk-It Ralph,5
NWon-Stop,7
VaianaG,8
Vaiana,7
NeigQhbors 2: Sorority Rising,3
Non-Stop,8
aiana,8
TowUer Heis,5
Intouchables,9
Sihteers,6
Pitch Purfect 2,6
EverVst,5
reck-It Ralph,8
DKtchment,9
Nown-Stop,9
Intouchables,8
TKzalkSdjvbI,8
baleficent,6
Maleficent,10
Ic Spit on our Grave 2,6
Sightseers,8
Hitman: Agent 47,3
Lov Actualsly,8
I Spit n Yor Grave 2,9
Texas Chainsaw 3D,5
Non-Szop,8
Detachment,5
To the Woder,6
Me Before You,10
Malficent,8
TexasJChainsaw 3D,4
Maleficent,10
Wreck-kt Ralph,5
Centab Intelligence,6
Non-top,8
Non-Stgop,4
L Time to Kill,7
CentrauIntelgigence,10
WhAy Him?,7
HmPeSIOn,6
Why Him?,6
Intouchables,10
Maleficrt,7
MucEh Ado About NothingZ,6
Everesa,9
IntoucOhables,10
MaKeficent,8
Me Before You,8
P.S. I Love Yoru,7
bHous at the End of thA Street,7
everest,6
Non-top,7
Vaiana,6
Non-Sotop,8
Sunshne,8
Pitch erfect 2,7
Maleficent,6
Ezrest,5
Texas Chainsaw RD,6
Vaiana,7
Maefient,6
Towe Heist,8
I SpYtwontYour GraveL2,5
Dead Poets Socety,8
Why Him?,6
Neghbors 2: vorority Risingb,5
rRynKuFwbvIXm,6
Madagascvr 3: Eucrope's Most Wanted,7
Vaana,8
Central IntUellience,5
Hose at phe End of the Street,7
Vaoiana,8
Nn-Swop,7
Non-Stop,7
Exerest,8
Maleficent,10
InDtouchables,10
Baleficent,8
28 Days Later...,9
Why Him?,5
Wl PsivsctYB,10
War of tnhe Worlds,8
Maleficent,9
VaianE,7
Sunshaine,8
A Time to Kill,8
I Spit on Your GravT 2,4
PolEtergeist,8
Sunshine,8
WlcomPe to Me,7
Me Befoore You,8
Maleficent,8
PitchBPrfect 2,6
Maleficent,7
Houseat ihe Endv ofthe Street,9
AnYmalisa,9
Malefisent,7
Vaiana,8
ûsan-inin no shikaku,9
eaven Is for Real,5
Maleficet,10
tachment,8
P BI e sIV,7
Non-Stp,7
A Nime to Kill,10
Wreck-ItL Ralph,7
HW Spit on GYour Gave 2,5
abzMpKjpAuijr Yl,5
Non-Stolp,5
IEverest,6
Itouchables,9
Vaiaa,8
Me Bfore You,1
TCentralIntelligence,8
Maleficent,7
Incouchables,8
Everest,7
CentAral IntelligOcnce,8
I SpitR on Your Grave 2,8
IEntouchable,9
Vaiana,8
Non-Stop,7
Nn-StoEp,8
Neighbors 2: Sporority Rising,5
The End of the Tor,5
PiRtch Perfect 2,7
Maps tEo the Stars,6
Hitma: Agent 47,4
Madagascar 3: EMrpe's Most Wanted,3
WecOome to Mz,3
arden State,9
e Before You,9
Macbeth,7
No-Stop,7
Non-Stop,7
28 ays ater...,4
Ivtouchablls,10
Intouchables,9
Shaun theQSaheep SMovie,8
28 DaysLAater...,8
od Bless Aerica,7
eal Steel,7
Paufl Blart: Malu Cop 2,10
Jsan-nijn no shikaku,8
SRLARhmZ,10
pMuch Ado About Nothing,2
Central Intelligence,6
Wecome to Me,6
GYodK Bless America,10
WelDome to Me,6
SsLJHsvZzbg mgM,9
Detachment,8
House athe End of the Street,7
Intoucables,8
dove Actualy,5
Everet,5
Vaiava,7
Pitdh Perfect ,7
Love Actully,9
Pitch Perfect2,7
Pitch PerfFct r,9
Maleficnt,9
Wreck-It Ralph,7
Pitch PYrfect 2,3
Non-Stop,8
on-Stop,8
cYHYVVu R,1
x IempjV,8
xukJ gEWFkSc c,4
Non-Sto,7
Intouchables,9
CVntralWIntelligenSce,8
Everest,8
Real Steel,8
Me Befre You,9
Maps tothe Stars,7
MadagasScar 3: Europe's Most Wanted,10
Dog Dcy Aftesrnoon,7
Non-SDtop,9
Wreck-ItLRalph,8
Non-Stop,8
Neighbors 2: Sorority Risig,6
Mabet,8
Maleqficent,7
Pitch Perfect 2,9
28 Days LaGter...,8
Me BefBore You,8
Maleficent,9
Everest,7
qvDerest,7
e Before You,7
Malficent,8
Everybody Wans Sxome!!,7
Housr at Othe End of tpe Stree,5
Maleficent,10
Wreck-t Ralph,9
Mleficent,8
Mayficent,7
Non-Stop,8
To Khe Wonder,5
EverybodBWanAs Svome!,8
Non-Stop,8
A Time tQo Kill,8
Mleficent,5
Real Steel,9
Ral Steel,5
Hitman: Agent 47,5
Intouchable,9
Intouchables,8
Wreck-It Ralph,8
NeighbDors 2: Sorvrity Rising,7
duch Ado About NothQng,7
CNntral ntelligenceH,6
P.S. I LSoveT You,7
VXIy LKKc cG,7
Wreck-It Ralph,8
Vaiana,7
Non-itop,7
itch Perfect 2,8
HouseW at the Endnof the StreeYt,6
Towr Heist,3
rRFkxbECV,10
Cbentral Inptelligence,7
Sunshine,10
Me Before You,8
Love ASOctally,6
Teas Chainsaw 3D,3
faleficent,9
gog Day fternkoon,8
Malefkicent,4
Hitman: Aget 47,6
A Time toKill,9
Mrs.Doubtfire,10
Me Before You,7
p CA Eh,7
Maleficent,7
Non-StopO,8
War of the Worlds,10
Intouchableb,8
Why Him?,8
ahTBnf,9
Vaiana,9
Non-Stp,7
El cpuerpo,7
Tyler Prry's Temptation,7
Everest,7
Detachmene,9
Central Intelligence,6
Real Stel,10
Himan: Agent 4A7,6
Dog Day AfteKnon,10
Man on Fire,9
Dog Dcy AXernoon,10
Non-Stop,8
o the Wonter,7
Man on Fire,8
Dog Davy Afternoon,8
Me Beore You,9
on-Stop,7
Pitch Perfect 2p,7
Everest,6
Hitman: Agentp 47,5
EveryboOyOWants SoTme!!,5
Texas Chainsaw D,5
MalJeficent,7
on-Stop,9
MjRygyAAtyP,4
dAjvpaKmnFXV,7
IntouChables,9
Texas Cuainsaw 3D,3
Heav en Is for Real,7
Paul BFart: Mall Cop 2,9
Wreck-It Ralph,10
on-Stop,6
haun the Shep Movdie,7
Mamleficent,5
House at the Exd f the Street,8
Detachment,7
VXiana,7
Love Actually,8
Tyler Perry's Temptatron,5
Non-Stop,5
Texs Chainsaw 3D,5
Non-Stop,2
Wreck-ItS Ralph,8
Love Actkally,6
ccXZoKPRSTOcoMlo,7
Wrec-It Ralph,8
Central IntflligCnce,9
tDNKIArPgRNdS,7
NVn-Stop,8
Dachment,8
Intouchables,8
daluficent,8
Anomalisa,8
Dad PJets USociety,8
ShRun the Sheep Moie,5
MeBefore You,7
Maagacar O3a: Europe's Most EWanted,7
Anomalisa,7
Wregck-It Ralmh,8
Anomalisa,9
Anomalisa,5
Maeficent,7
Tyler Perry's Temptation,2
God Bless vJmerica,7
Dog DDay Afternoon,9
Macbeth,7
Mw Before You,10
Maps to the Stars,6
LoHe Acually,9
A Mimme to Kill,8
Paul xlarU: Mall Cop 2,6
yU EXFVhVYXqiRr,8
Tyler Perri's Temptation,7
Love Actually,9
Shaun the QheepF Movie,5
Ptch Perfct 2,10
TCo the WcndOer,2
Malefcent,9
Itouchabls,8
Maleficent,8
Everest,1
Non-Wtop,10
PLtch Perfect 2,8
Macbeta,7
XHMDBkkyP,2
The End of the Tour,5
Mazn on Fire,8
MShaleficent,6
Centrl Intelligeynce,5
28 Days Later..Z,6
Wkreck-Ot Ralph,8
cxX jBpknpLsy,8
Dog Dany Afternoon,8
Hitman: Agent I,5
Vaiana,8
Me BteforeYou,8
Wreck-It Ralph,7
Maleficebnt,8
Tl cuerpo,9
t Nfp AN,7
Iouchables,7
DiTl M fo Murder,8
Maleficewt,9
House at the End of the Street,6
MalefiRect,7
Texas ChKinsaw 3D,6
Non-Stop,8
Central Intelligencei,9
Ixtouchables,9
Texas Chainsaw 3D,10
MaLn on Fire,9
Dial M for Muder,8
Intouchables,7
Nopn-SAtop,7
TUsBkYbzbC,8
Everybody banBts Some!!,6
Wvhy Him?,7
Intoucohables,8
The QEnd of the KvTour,8
Centra Intelligence,5
lZJkQI,3
EverOybcodylWoants Some!!,7
Wreck-It Ralph,6
aon-Stop,8
Ded Poets Society,8
Vaiana,8
The End oW theq Tour,8
Non-StopH,6
NeiKxhbors rD2: Sorority Rising,4
MalefiWent,6
Gjrden State,8
Intouchables,8
iDVzf SBNwcsUe DjM,7
Shaun the Sheep MICie,7
Mrs. Doubtfirr,8
Me BeWore Yohu,6
fc jDW,7
PaElBlVrt: Mall nCop 2,8
MalefiPcent,10
Centrgl InteRTlligene,8
MaleQficent,4
Sightseers,7
MeBefoWe You,5
Me Befoae YBu,10
Pawl Blrt: Mall Cop 2,6
aiana,5
Me Before You,7
Sunshine,7
A Time to Kill,9
Central Intelligence,9
Man on FiTre,8
Ounshine,7
NoF-Stop,9
XGrxkdLhDMQZb,7
caiana,9
Love Actually,7
lc Tim to Kill,4
CDntra Intelligence,9
Towr HeList,8
Central Inelaigencge,8
Intouchables,9
Wrectk-It Ralh,7
Non-StIop,6
Mon-Stop,7
Maleficent,8
Me Before You,9
InFtouchables,7
vTCxQMuUUzj,5
Macbeth,9
PoltZrgeist,8
